Reference, Quantity, Value, Footprint, Datasheet, SIZE, NOPOP, Alternate Value, Capacitance, Rating, Resistance, capacitance, Inductance, VALUE, Description, Impedance, Frequency, Text, rating
BZ1 ,1,"Buzzer","","~"
C1 C25 C26 C27 C28 ,5,"CL10B103KB8SFNC","Capacitor_SMD:C_0603_1608Metric","/home/dj/datasheets/CL10B103KB8SFNC.pdf","","","","10uF","50V","","","","","","","","",""
C11 C12 C13 C14 C15 C18 ,6,"CL10B104KO8NNNC","Capacitor_SMD:C_0603_1608Metric","datasheets/CL10B104KO8NNNC.pdf","","","","0.1uF","16V","","","","","","","","",""
C10 C19 C2 C20 C21 C22 C29 C30 C5 C6 C7 C8 ,12,"CL10B105KA8NNNC","Capacitor_SMD:C_0603_1608Metric","datasheets/CL10B105KA8NNNC.pdf","","","","1uF","25V","","","","","","","","",""
C23 ,1,"ESH336M035AC3AA","Capacitor_THT:CP_Radial_D5.0mm_P2.00mm","/home/dj/datasheets/KEM_A4005_ESH.pdf","","","","","","","33uF","","","","","","",""
C24 ,1,"GRM188R61E225KA12D","Capacitor_SMD:C_0603_1608Metric","/home/dj/datasheets/GRM188R61E225KA12.pdf","","","2u2","2.2uF","25V","","","","","","","","",""
C3 ,1,"CL10B474KO8NNNC","Capacitor_SMD:C_0603_1608Metric","/home/dj/datasheets/CL10B474KO8NNNC.pdf","","","","470nF","16V","","","","","","","","",""
C16 C17 C4 ,3,"C0603C180K5RACAUTO","Capacitor_SMD:C_0603_1608Metric","~/datasheets/KEM_C1023_X7R_AUTO_SMD.pdf","","","","18pF","50V","","","","","","","","",""
C9 ,1,"‎CL21A475KLCLQNC‎","Capacitor_SMD:C_0805_2012Metric","~/datasheets/CL21A475KLCLQNC.pdf","","","","4.7uF","35V","","","","","","","","",""
D1 D2 D3 D4 D5 D6 ,6,"CM1293A-04SO","SOT-457","~/datasheets/CM1293A-04SO-D.PDF"
D7 ,1,"LED_GENERIC_0805","Diode_SMD:D_0805_2012Metric","~"
D8 ,1,"SMS12T1G","custom:SOT-457","/home/dj/datasheets/SMS05T1-D.PDF"
F1 ,1,"MF-MSMF050-2","1812","~/datasheets/mfmsmf.pdf","","","","","0.5 A","","","","","","","","",""
F2 ,1,"ERB-RE4R00V","Fuse:Fuse_0603_1608Metric","/home/dj/datasheets/AFA0000C7.pdf","","","","","","","","","","","","","","4A"
J1 J2 J3 J4 J5 J6 J7 J8 ,8,"PTH_1_mm","",""
J10 ,1,"Conn_02x05_Odd_Even","","~"
J11 ,1,"DX4R105JJCR1800","","SJ113218.pdf","","","","","","","","","","Micro_USB_B","","","",""
J14 ,1,"NP_Screw_Terminal_01x02","","~"
J12 J15 ,2,"XT60_RA_MALE","custom:XT60PW","/home/dj/datasheets/XT60PW.pdf","","","","","","","","","","","","","XT60_M",""
J13 J16 J17 ,3,"S4B-XH-A","Connector_PinHeader_2.54mm:PinHeader_1x04_P2.54mm_Horizontal","eXH.pdf"
J18 ,1,"XT60_RA_FEMALE","custom:XT60PW","/home/dj/datasheets/XT60PW.pdf","","","","","","","","","","","","","XT60_F",""
J9 ,1,"Conn_02x12_Odd_Even","","~"
JP1 JP2 ,2,"Jumper_3_Bridged12","","~"
L1 L2 ,2,"CIS10P300AC","0603","~/datasheets/CIS10P300AC.pdf","","","","","","","","","","","30@100MHz","","",""
L3 ,1,"NR6028T2R2N","","/home/dj/datasheets/wound04_e.pdf","","","","","","","","2.2uH","","","","","",""
MH1 MH2 MH3 MH4 ,4,"M4_MOUNTING_HOLE","MountingHole:MountingHole_4.3mm_M4_Pad","","M4","","","","","","","","","","","","",""
NPTH1 NPTH2 NPTH3 NPTH4 NPTH5 NPTH6 NPTH7 NPTH8 ,8,"NPTH_2mm","custom:NPTH_2mm","","2mm","","","","","","","","","","","","",""
Q1 ,1,"IRF9540N","Package_TO_SOT_THT:TO-220-3_Vertical","/home/dj/datasheets/irf9540n.pdf"
Q2 Q3 ,2,"SSM3K35AMFV","Package_TO_SOT_SMD:SOT-723","/home/dj/datasheets/SSM3K35AMFV.pdf"
R1 ,1,"RMCF0603FT40K2","0603","/home/dj/datasheets/SEI-RMCF_RMCP.pdf","","","","","","40k2","","","","","","","",""
R15 R16 ,2,"RMCF0603FT22R0","0603","~/datasheets/SEI-RMCF_RMCP.pdf","","","","","","22R0","","","","","","","",""
R18 R19 R27 ,3,"RC0603JR-070RL","Resistor_SMD:R_0603_1608Metric","","","","","","","0","","","","","","","",""
R13 R14 R2 R21 R22 R23 R24 R25 R26 ,9,"CR0603-JW-103ELF","0603","~/datasheets/chpreztr.pdf","","","","","","10k0","","","","","","","",""
R28 R3 R4 ,3,"RMCF0603FT4K70","Resistor_SMD:R_0603_1608Metric","/home/dj/datasheets/SEI-RMCF_RMCP.pdf","","","","","","","","","4k7","","","","",""
R36 R37 R38 R39 R40 ,5,"NP_R_0603","0603","","","NP","","","","","","","","","","","",""
R5 ,1,"RMCF0603FT7K50","Resistor_SMD:R_0603_1608Metric","/home/dj/datasheets/SEI-RMCF_RMCP.pdf","","","","","","","","","7k5","","","","",""
R6 ,1,"RMCF0603FT2K00","Resistor_SMD:R_0603_1608Metric","/home/dj/datasheets/SEI-RMCF_RMCP.pdf","","","","","","","","","2k0","","","","",""
R10 R11 R12 R17 R20 R29 R30 R31 R32 R33 R34 R35 R7 R8 R9 ,15,"RC0603JR-071KL","0603","~/datasheets/PYu-RC_Group_51_RoHS_L_10.pdf","","","","","","1k0","","","","","","","",""
SW1 SW2 SW3 ,3,"TACTILE_SWITCH","",""
TP1 TP10 TP11 TP12 TP13 TP14 TP15 TP16 TP17 TP18 TP19 TP2 TP20 TP21 TP22 TP23 TP24 TP25 TP26 TP27 TP28 TP29 TP3 TP30 TP31 TP32 TP33 TP34 TP35 TP36 TP37 TP38 TP39 TP4 TP40 TP41 TP42 TP43 TP44 TP45 TP46 TP47 TP48 TP49 TP5 TP50 TP51 TP52 TP53 TP54 TP55 TP56 TP6 TP7 TP8 TP9 ,56,"PTH_0.5_mm","","~"
U1 U2 ,2,"AZ2117","Package_TO_SOT_SMD:SOT-223","/home/dj/datasheets/AZ2117.pdf"
U3 U4 ,2,"SGM3157YC6","Package_TO_SOT_SMD:SOT-23-6","/home/dj/datasheets/SGM3157YC6.pdf"
U5 ,1,"LMR23625CFDDAR","custom:8-PowerSOIC","/home/dj/datasheets/lmr23625.pdf"
U10 U6 U7 U8 ,4,"MP6513","","/home/dj/datasheets/MP6513.pdf"
U9 ,1,"ATmega32U4-AU","Package_QFP:TQFP-44_10x10mm_P0.8mm","http://ww1.microchip.com/downloads/en/DeviceDoc/Atmel-7766-8-bit-AVR-ATmega16U4-32U4_Datasheet.pdf"
Y1 ,1,"7M-16.000MAAE-T","","/home/dj/datasheets/2015TXC_7M_17.pdf","","","","","","","","","","","","16MHz","",""